# course_id,course_name,semester,hours_theory,hours_lab,hours_tutoring,credits
@ days: 5
@ periods: 12
@ final_year: 7,8

COURSES
102,Γραμμική Άλγεβρα,1,3,0,1,5
103,Προγραμματισμός Ι,1,3,2,0,7
104,Λογική Σχεδίαση,1,3,1,0,5
105,Ηλεκτρονική,1,3,1,0,6
201,Αρχές Ηλεκτρομαγνητισμού & Τηλεπικοινωνιών,2,3,1,0,6
202,Πρωτόκολλα και Αρχιτεκτονικές Δικτύων,2,3,1,0,6
203,Διακριτά Μαθηματικά,2,3,0,1,6
204,Προγραμματισμός ΙΙ,2,3,2,0,7
205,Ψηφιακά Ηλεκτρονικά,2,3,1,0,5
301,Αρχιτεκτονική Υπολογιστών,3,3,1,0,6
302,Αντικειμενοστραφής Προγραμματισμός,3,4,1,0,7
303,Σήματα & Συστήματα,3,3,0,1,6
304,Διάδοση Σημάτων,3,3,0,1,5
305,Δομές Δεδομένων,3,3,1,0,6
401,Αρχές Γλωσσών Προγραμματισμού,4,3,1,0,6
402,Λειτουργικά Συστήματα,4,3,1,0,7
403,Δίκτυα Υπολογιστών,4,4,1,0,6
404,Βάσεις Δεδομένων Ι,4,3,1,0,6
405,Πιθανότητες και Στατιστική,4,3,1,0,5
501,Ενσωματωμένα Συστήματα,5,3,1,0,5
502,Τεχνητή Νοημοσύνη,5,3,1,0,5
503,Ψηφιακές Τηλεπικοινωνίες,5,3,1,0,5
504,Αλγόριθμοι και Πολυπλοκότητα,5,3,0,1,5
505,Τεχνολογία Λογισμικού,5,3,1,0,5
506,Ευρυζωνικά Δίκτυα,5,3,1,0,5
601,Ψηφιακή Επεξεργασία Σήματος,6,3,1,1,5
602,Τηλεπικοινωνιακά Συστήματα,6,3,0,2,5
603,Επεξεργασία Εικόνας,6,3,1,1,5
604,Ασφάλεια Συστημάτων,3,1,1,5
605A,Καινοτομία και Επιχειρηματικότητα,6,3,0,1,5
605B,Μεθοδολογία έρευνας και Συγγραφής Εργασιών,6,2,2,0,5
605C,Διαχείριση Έργων,6,3,0,1,5
605D,Οργάνωση και Διοίκηση Επιχειρήσεων,6,3,0,1,5
606,Μαθηματική Ανάλυση ΙΙ,6,4,0,1,5
607,Διδακτική της πληροφορικής,6,3,0,1,5
607,Θεωρίες Μάθησης και Εκπαιδευτικό Λογισμικό,6,3,0,1,5
Ρ1_Χ1,Μεταγλωττιστές,7,3,1,0,5
Ρ1_Χ2,Βάσεις Δεδομένων ΙΙ,7,3,1,5
Ρ1_Χ3,Πληροφοριακά Συστήματα Επιχειρήσεων,7,3,0,1,5
Ρ1_Χ4,Τεχνολογίες Εφαρμογών Διαδικτύου,3,1,0,5
Ρ1_Ε1,Ανάπτυξη Εφαρμογών Ιστού και Βάσεων Δεδομένων,8,3,1,0,5
Ρ1_Ε2,Γραφικά Η/Υ,8,3,0,1,5
Ρ1_Ε3,Προγραμματισμός Κινητών Συσκευών,8,3,0,1,5
Ρ2_Χ5,Εξόρυξη Δεδομένων,7,3,1,0,5
Ρ2_Χ6,Παιχνιδοποίηση,7,3,1,0,5
Ρ2_Χ7,Βελτιστοποίηση,7,3,0,1,5
Ρ2_Ε4,Στατιστική Μηχανική Μάθηση,8,4,0,0,5
Ρ2_Ε5,Βιοπληροφορική,8,3,0,1,5
Ρ3_Χ8,Διαδίκτυο των Αντικειμένων,7,3,1,0,5
Ρ3_Χ9,Βιοϊατρική Τεχνολογία,7,3,0,1,5
Ρ3_Χ10,Ειδικού υποβάθρου,7,3,1,0,5
Ρ3_Ε6,Δίκτυα Αισθητήρων,8-6,3,0,1,5
Ρ3_Ε7,Τεχνικές Σχεδίασης CMOS ASIC,8,3,1,0,5
Ρ4_Χ11, Κεραίες-Μικροκύματα,7,2,2,5
Ρ4_Χ12,Μικροκυματικά Ολοκληρωμένα Κυκλώματα,7,2,2,0,5
Ρ4_Χ13,Οπτικές επικοινωνίες-Κυματοδηγοί,7,3,1,0,5
Ρ4_Ε9,Νανοηλεκτρονικές Διατάξεις,8,2,2,0,5
Ρ4_Ε10,Οπτοηλεκτρονική,8,2,2,0,5
Ρ5_Χ14,Προχωρημένα Θέματα Προγραμματισμού Δικτύων,3,1,0,5
Ρ5_Χ15,Ειδικά Θέματα Δικτύων,7,3,0,1,5
Ρ5_Χ16,Συστήματα Τηλεκπαίδευσης,7,3,1,0,5
Ρ5_Ε11,Τηλεπικοινωνιακά Δίκτυα,8,3,0,1,5
Ρ5_Ε12,Ανάλυση και Προσομοίωση Δικτύων,8,3,1,0,5
Ρ5_Ε13,Διαχείριση Δικτύων,8,3,0,1,5

CURRICULA
ΛΟΓΙΣΜΙΚΟΥ, P1_X1,P1_X2,Ρ1_X3,Ρ1_Χ4,Ρ1_E1,Ρ1_Ε2,Ρ1_Ε3 
ΕΥΦΥΗ ΣΥΣΤΗΜΑΤΑ ΚΑΙ ΕΦΑΡΜΟΓΕΣ,P2_X5,P2_X6,P2_X7,Ρ2_Ε4,Ρ2_Ε5
YΠΟΛΟΓΙΣΤΙΚΑ ΣΥΣΤΗΜΑΤΑ,P3_X8,P3_X9,P3_X10,P3_E6,P3_E7,P3_E8
ΤΗΛΕΠΙΚΟΙΝΩΝΙΕΣ,P4_X11,P4_X12,P4_X13,P4_E9,P4_E10
ΔΙΚΤΥΑ,P5_X14, P5_X15,P5_X16,P5_E11,P5_E12,P5_13









